student,cluster,takeaway,one_word
1,H,"Persuasion is a skill you can practice, not a fixed trait. The six principles gave me concrete tools.",persuasion
2,H,"Reciprocity works because people feel obligated to give back. I will use it to build trust with my team.",reciprocity
3,W,"The kidney transplant case showed how fairness criteria can conflict with efficiency.",fairness
4,W,"Authority and social proof influence decisions more than we realize.",authority
5,X,"I learned that scarcity makes options feel more valuable, even when nothing changed.",scarcity
6,H,"Commitment and consistency explain why small asks lead to bigger ones.",consistency
7,W,"Liking matters: we say yes to people we know and like.",liking
8,X,"Ethical persuasion means being transparent about intent, not manipulating.",ethics
9,H,"The biggest takeaway was that influence without authority is a leader's core skill.",influence
10,W,"Procedural justice matters as much as distributive justice in how decisions are accepted.",justice
11,X,"People judge fairness by the process, not only the outcome.",process
12,H,"Framing the message to the audience's values makes persuasion more effective.",framing
13,W,"Social proof can be used ethically by sharing real peer examples.",social proof
14,X,"I was surprised how timing changes the impact of an ask.",timing
15,H,"The kidney case forced us to make allocation criteria explicit and defend them.",criteria
16,W,"Leaders must balance being persuasive with being fair.",leadership
17,X,"Consistency between words and actions builds credibility over time.",credibility
18,H,"Emotional appeals work but must be anchored in facts.",emotion
19,W,"I will ask for small commitments first, then build to larger ones.",commitment
20,X,"Understanding the other side's interests is the first step of influence.",interests
21,H,"Persuasion tactics fall in a gray area; awareness keeps us ethical.",tactics
22,W,"Scarcity and urgency can pressure people into poor decisions.",scarcity
23,X,"The class debate on the kidney list made trade-offs feel real.",trade-offs
24,H,"Reciprocity can backfire if it feels transactional.",reciprocity
25,W,"Different audiences need different messages; one size does not fit all.",audience
26,X,"Authority should be earned through expertise, not just title.",authority
27,H,"I think values and fairness should anchor every leadership decision.",values
28,W,"Social proof shaped my own choices more than I expected.",social proof
29,X,"Ethics is not a constraint on influence; it is what makes influence durable.",ethics
30,H,"The takeaway for me: persuasion is everywhere, so use it responsibly.",persuasion
31,W,"Small changes in wording had large effects on agreement.",wording
32,X,"Justice perceptions drive acceptance of unpopular decisions.",justice
33,H,"People reciprocate concessions during negotiation.",negotiation
34,W,"Being liked is not the same as being respected, but both help influence.",respect
35,X,"I want to be more deliberate about when I use each principle.",principles
36,H,NA,persuasion
